"NodeId","PhaseId","DisplayLabel","Kind","SampleTargetDays"
"documents","documents","ثبت مدارک","task","2"
"document-review","documents","بررسی مدارک","task","2"
"prepayment","prepayment","صدور پیش‌فاکتور و بررسی پیش‌پرداخت","task","3"
"prepayment-wait","prepayment","انتظار پیش‌فاکتور","wait",""
"prepayment-assign","prepayment","تخصیص مقدار پیش‌فاکتور","action",""
"financial-approve","prepayment","مالی - تأیید آیتم","action",""
"financial-reject","","مالی - رد آیتم","action",""
"design","design","طراحی","task","5"
"design-review","design","بررسی طراحی","task","2"
"surgeon","design","تأیید جراح","task","3"
"second-expert","design","تأییدیه کارشناس دوم","task","2"
"settlement","settlement","پیگیری تسویه","task","3"
"settlement-wait","settlement","انتظار تسویه","wait",""
"settlement-assign","settlement","تخصیص مقدار","action",""
"mould","mould","مولاژ","task","3"
"mould-review","mould","بررسی مولاژ","task","2"
"print","print","پرینت پروتز","task","4"
"print-review","print","بررسی پرینت پروتز","task","2"
"print-approval","print","تأییدیه پرینت اصلی","task","2"
"test1","test1","تست یک","task","2"
"test1-review","test1","بررسی تست یک","task","2"
"test1-approval","test1","تأییدیه تست یک","task","2"
"test2-decision","test1","تصمیم تست دو","decision",""
"test2","test2","تست دو","task","2"
"test2-review","test2","بررسی تست دو","task","2"
"test2-approval","test2","تأییدیه تست دو","task","2"
"photo","photo","عکاسی","task","2"
"wash","wash","شستشو و استریل","task","2"
"delivery","delivery","تحویل","task","2"
"won","won","موفق","status",""
"lost","lost","مرحله ناموفق","status",""
"final","","نهایی","end",""
