"OwnerId","DisplayLabel","Role"
"intake","کارشناس نمونه پذیرش","ثبت و بررسی مدارک"
"finance","کارشناس نمونه مالی","پیش‌پرداخت و تسویه"
"designer","طراح نمونه ۱","طراحی دیجیتال"
"reviewer","کارشناس نمونه بررسی","کنترل طراحی و ساخت"
"surgeon","هماهنگ‌کننده نمونه جراح","پیگیری تأیید جراح"
"expert","کارشناس دوم نمونه","تأیید مستقل طراحی"
"production","مسئول نمونه ساخت","مولاژ و پرینت"
"quality","کارشناس نمونه آزمایش","کنترل و تست"
"delivery","کارشناس نمونه آماده‌سازی","عکاسی، استریل و تحویل"
"system","سامانه","اقدام خودکار؛ کارتابل انسانی ندارد"
