"PhaseId","DisplayLabel","SourceLabel","BusinessOrder","Optional"
"documents","ثبت و بررسی مدارک","مرحله ثبت مدارک","1","false"
"prepayment","پیش‌فاکتور و پیش‌پرداخت","مرحله صدور پیش فاکتور و بررسی پیش پرداخت","2","false"
"design","طراحی و تأییدها","مزحله طراحی","3","false"
"settlement","پیگیری تسویه","مرحله پیگیری تسویه","4","false"
"mould","ساخت و بررسی مولاژ","مرحله مولاژ","5","false"
"print","پرینت و تأیید پروتز","مرحله پرینت","6","false"
"test1","تست اول","مرحله تست یک","7","false"
"test2","تست دوم","مرحله تست دو","8","true"
"photo","عکاسی","مرحله عکاسی","9","false"
"wash","شستشو و استریل","مرحله شتستشو","10","false"
"delivery","تحویل","مرحله تحویل","11","false"
"won","پایان موفق","موفق","12","false"
"lost","پایان ناموفق","مرحله ناموفق","13","false"
