"VisitId","CaseId","NodeId","PhaseId","OwnerId","EnteredAtUtc","ExitedAtUtc","TransitionKind","TransitionOutcome"
"visit-1-1","case-01","documents","documents","intake","2026-10-06T23:30:00.000Z","","start",""
"visit-2-1","case-02","documents","documents","intake","2026-10-01T17:30:00.000Z","2026-10-02T17:30:00.000Z","start",""
"visit-2-2","case-02","document-review","documents","reviewer","2026-10-02T17:30:00.000Z","2026-10-04T05:30:00.000Z","forward","ارجاع جهت بررسی مدارک"
"visit-2-3","case-02","documents","documents","intake","2026-10-04T05:30:00.000Z","","return","ارجاع جهت اصلاح/ مدارک ناقص است"
"visit-3-1","case-03","documents","documents","intake","2026-10-04T17:30:00.000Z","2026-10-06T05:30:00.000Z","start",""
"visit-3-2","case-03","document-review","documents","reviewer","2026-10-06T05:30:00.000Z","","forward","ارجاع جهت بررسی مدارک"
"visit-4-1","case-04","documents","documents","intake","2026-10-01T17:30:00.000Z","2026-10-02T05:30:00.000Z","start",""
"visit-4-2","case-04","document-review","documents","reviewer","2026-10-02T05:30:00.000Z","2026-10-03T05:30:00.000Z","forward","ارجاع جهت بررسی مدارک"
"visit-4-3","case-04","prepayment","prepayment","finance","2026-10-03T05:30:00.000Z","","forward","تأیید مدارک"
"visit-5-1","case-05","documents","documents","intake","2026-10-02T05:30:00.000Z","2026-10-03T05:30:00.000Z","start",""
"visit-5-2","case-05","document-review","documents","reviewer","2026-10-03T05:30:00.000Z","2026-10-04T17:30:00.000Z","forward","ارجاع جهت بررسی مدارک"
"visit-5-3","case-05","prepayment","prepayment","finance","2026-10-04T17:30:00.000Z","2026-10-05T05:30:00.000Z","forward","تأیید مدارک"
"visit-5-4","case-05","prepayment-wait","prepayment","finance","2026-10-05T05:30:00.000Z","","wait","انتظار"
"visit-6-1","case-06","documents","documents","intake","2026-09-29T17:01:12.000Z","2026-10-01T05:01:12.000Z","start",""
"visit-6-2","case-06","document-review","documents","reviewer","2026-10-01T05:01:12.000Z","2026-10-01T17:01:12.000Z","forward","ارجاع جهت بررسی مدارک"
"visit-6-3","case-06","prepayment","prepayment","finance","2026-10-01T17:01:12.000Z","2026-10-02T17:01:12.000Z","forward","تأیید مدارک"
"visit-6-4","case-06","prepayment-wait","prepayment","finance","2026-10-02T17:01:12.000Z","2026-10-04T05:01:12.000Z","wait","انتظار"
"visit-6-5","case-06","prepayment-assign","prepayment","system","2026-10-04T05:01:12.000Z","2026-10-04T05:15:36.000Z","resume","expire"
"visit-6-6","case-06","prepayment","prepayment","finance","2026-10-04T05:15:36.000Z","2026-10-05T05:15:36.000Z","forward","پیگیری مجدد"
"visit-6-7","case-06","financial-approve","prepayment","system","2026-10-05T05:15:36.000Z","2026-10-05T05:30:00.000Z","forward","تایید پیش پرداخت"
"visit-6-8","case-06","design","design","designer","2026-10-05T05:30:00.000Z","","forward","تأیید مالی"
"visit-7-1","case-07","documents","documents","intake","2026-09-25T05:15:36.000Z","2026-09-25T17:15:36.000Z","start",""
"visit-7-2","case-07","document-review","documents","reviewer","2026-09-25T17:15:36.000Z","2026-09-26T17:15:36.000Z","forward","ارجاع جهت بررسی مدارک"
"visit-7-3","case-07","prepayment","prepayment","finance","2026-09-26T17:15:36.000Z","2026-09-28T05:15:36.000Z","forward","تأیید مدارک"
"visit-7-4","case-07","financial-approve","prepayment","system","2026-09-28T05:15:36.000Z","2026-09-28T05:30:00.000Z","forward","تایید پیش پرداخت"
"visit-7-5","case-07","design","design","designer","2026-09-28T05:30:00.000Z","2026-09-29T05:30:00.000Z","forward","تأیید مالی"
"visit-7-6","case-07","design-review","design","reviewer","2026-09-29T05:30:00.000Z","2026-09-30T17:30:00.000Z","forward","طراحی انجام شد"
"visit-7-7","case-07","surgeon","design","surgeon","2026-09-30T17:30:00.000Z","2026-10-01T05:30:00.000Z","forward","تایید"
"visit-7-8","case-07","design","design","designer","2026-10-01T05:30:00.000Z","","return","عدم تایید جراح"
"visit-8-1","case-08","documents","documents","intake","2026-10-01T17:15:36.000Z","2026-10-02T17:15:36.000Z","start",""
"visit-8-2","case-08","document-review","documents","reviewer","2026-10-02T17:15:36.000Z","2026-10-04T05:15:36.000Z","forward","ارجاع جهت بررسی مدارک"
"visit-8-3","case-08","prepayment","prepayment","finance","2026-10-04T05:15:36.000Z","2026-10-04T17:15:36.000Z","forward","تأیید مدارک"
"visit-8-4","case-08","financial-approve","prepayment","system","2026-10-04T17:15:36.000Z","2026-10-04T17:30:00.000Z","forward","تایید پیش پرداخت"
"visit-8-5","case-08","design","design","designer","2026-10-04T17:30:00.000Z","2026-10-06T05:30:00.000Z","forward","تأیید مالی"
"visit-8-6","case-08","design-review","design","reviewer","2026-10-06T05:30:00.000Z","","forward","طراحی انجام شد"
"visit-9-1","case-09","documents","documents","intake","2026-09-30T17:15:36.000Z","2026-10-02T05:15:36.000Z","start",""
"visit-9-2","case-09","document-review","documents","reviewer","2026-10-02T05:15:36.000Z","2026-10-02T17:15:36.000Z","forward","ارجاع جهت بررسی مدارک"
"visit-9-3","case-09","prepayment","prepayment","finance","2026-10-02T17:15:36.000Z","2026-10-03T17:15:36.000Z","forward","تأیید مدارک"
"visit-9-4","case-09","financial-approve","prepayment","system","2026-10-03T17:15:36.000Z","2026-10-03T17:30:00.000Z","forward","تایید پیش پرداخت"
"visit-9-5","case-09","design","design","designer","2026-10-03T17:30:00.000Z","2026-10-04T05:30:00.000Z","forward","تأیید مالی"
"visit-9-6","case-09","design-review","design","reviewer","2026-10-04T05:30:00.000Z","2026-10-05T05:30:00.000Z","forward","طراحی انجام شد"
"visit-9-7","case-09","surgeon","design","surgeon","2026-10-05T05:30:00.000Z","","forward","تایید"
"visit-10-1","case-10","documents","documents","intake","2026-09-30T05:15:36.000Z","2026-09-30T17:15:36.000Z","start",""
"visit-10-2","case-10","document-review","documents","reviewer","2026-09-30T17:15:36.000Z","2026-10-01T17:15:36.000Z","forward","ارجاع جهت بررسی مدارک"
"visit-10-3","case-10","prepayment","prepayment","finance","2026-10-01T17:15:36.000Z","2026-10-03T05:15:36.000Z","forward","تأیید مدارک"
"visit-10-4","case-10","financial-approve","prepayment","system","2026-10-03T05:15:36.000Z","2026-10-03T05:30:00.000Z","forward","تایید پیش پرداخت"
"visit-10-5","case-10","design","design","designer","2026-10-03T05:30:00.000Z","2026-10-04T05:30:00.000Z","forward","تأیید مالی"
"visit-10-6","case-10","design-review","design","reviewer","2026-10-04T05:30:00.000Z","2026-10-05T17:30:00.000Z","forward","طراحی انجام شد"
"visit-10-7","case-10","surgeon","design","surgeon","2026-10-05T17:30:00.000Z","2026-10-06T05:30:00.000Z","forward","تایید"
"visit-10-8","case-10","second-expert","design","expert","2026-10-06T05:30:00.000Z","","forward","تایید جراح"
"visit-11-1","case-11","documents","documents","intake","2026-09-25T17:15:36.000Z","2026-09-26T17:15:36.000Z","start",""
"visit-11-2","case-11","document-review","documents","reviewer","2026-09-26T17:15:36.000Z","2026-09-28T05:15:36.000Z","forward","ارجاع جهت بررسی مدارک"
"visit-11-3","case-11","prepayment","prepayment","finance","2026-09-28T05:15:36.000Z","2026-09-28T17:15:36.000Z","forward","تأیید مدارک"
"visit-11-4","case-11","financial-approve","prepayment","system","2026-09-28T17:15:36.000Z","2026-09-28T17:30:00.000Z","forward","تایید پیش پرداخت"
"visit-11-5","case-11","design","design","designer","2026-09-28T17:30:00.000Z","2026-09-30T05:30:00.000Z","forward","تأیید مالی"
"visit-11-6","case-11","design-review","design","reviewer","2026-09-30T05:30:00.000Z","2026-09-30T17:30:00.000Z","forward","طراحی انجام شد"
"visit-11-7","case-11","surgeon","design","surgeon","2026-09-30T17:30:00.000Z","2026-10-01T17:30:00.000Z","forward","تایید"
"visit-11-8","case-11","second-expert","design","expert","2026-10-01T17:30:00.000Z","2026-10-03T05:30:00.000Z","forward","تایید جراح"
"visit-11-9","case-11","settlement","settlement","finance","2026-10-03T05:30:00.000Z","","forward","تایید"
"visit-12-1","case-12","documents","documents","intake","2026-09-24T17:15:36.000Z","2026-09-26T05:15:36.000Z","start",""
"visit-12-2","case-12","document-review","documents","reviewer","2026-09-26T05:15:36.000Z","2026-09-26T17:15:36.000Z","forward","ارجاع جهت بررسی مدارک"
"visit-12-3","case-12","prepayment","prepayment","finance","2026-09-26T17:15:36.000Z","2026-09-27T17:15:36.000Z","forward","تأیید مدارک"
"visit-12-4","case-12","financial-approve","prepayment","system","2026-09-27T17:15:36.000Z","2026-09-27T17:30:00.000Z","forward","تایید پیش پرداخت"
"visit-12-5","case-12","design","design","designer","2026-09-27T17:30:00.000Z","2026-09-28T05:30:00.000Z","forward","تأیید مالی"
"visit-12-6","case-12","design-review","design","reviewer","2026-09-28T05:30:00.000Z","2026-09-29T05:30:00.000Z","forward","طراحی انجام شد"
"visit-12-7","case-12","surgeon","design","surgeon","2026-09-29T05:30:00.000Z","2026-09-30T17:30:00.000Z","forward","تایید"
"visit-12-8","case-12","second-expert","design","expert","2026-09-30T17:30:00.000Z","2026-10-01T05:30:00.000Z","forward","تایید جراح"
"visit-12-9","case-12","settlement","settlement","finance","2026-10-01T05:30:00.000Z","2026-10-02T05:30:00.000Z","forward","تایید"
"visit-12-10","case-12","settlement-wait","settlement","finance","2026-10-02T05:30:00.000Z","","wait","انتظار"
"visit-13-1","case-13","documents","documents","intake","2026-09-25T05:15:36.000Z","2026-09-25T17:15:36.000Z","start",""
"visit-13-2","case-13","document-review","documents","reviewer","2026-09-25T17:15:36.000Z","2026-09-26T17:15:36.000Z","forward","ارجاع جهت بررسی مدارک"
"visit-13-3","case-13","prepayment","prepayment","finance","2026-09-26T17:15:36.000Z","2026-09-28T05:15:36.000Z","forward","تأیید مدارک"
"visit-13-4","case-13","financial-approve","prepayment","system","2026-09-28T05:15:36.000Z","2026-09-28T05:30:00.000Z","forward","تایید پیش پرداخت"
"visit-13-5","case-13","design","design","designer","2026-09-28T05:30:00.000Z","2026-09-29T05:30:00.000Z","forward","تأیید مالی"
"visit-13-6","case-13","design-review","design","reviewer","2026-09-29T05:30:00.000Z","2026-09-30T17:30:00.000Z","forward","طراحی انجام شد"
"visit-13-7","case-13","surgeon","design","surgeon","2026-09-30T17:30:00.000Z","2026-10-01T05:30:00.000Z","forward","تایید"
"visit-13-8","case-13","second-expert","design","expert","2026-10-01T05:30:00.000Z","2026-10-02T05:30:00.000Z","forward","تایید جراح"
"visit-13-9","case-13","settlement","settlement","finance","2026-10-02T05:30:00.000Z","2026-10-03T17:30:00.000Z","forward","تایید"
"visit-13-10","case-13","mould","mould","production","2026-10-03T17:30:00.000Z","2026-10-04T05:30:00.000Z","forward","تسویه انجام شد"
"visit-13-11","case-13","mould-review","mould","reviewer","2026-10-04T05:30:00.000Z","2026-10-05T05:30:00.000Z","forward","مولاژ تولید شد"
"visit-13-12","case-13","mould","mould","production","2026-10-05T05:30:00.000Z","","return","عدم تایید"
"visit-14-1","case-14","documents","documents","intake","2026-09-20T17:15:36.000Z","2026-09-21T17:15:36.000Z","start",""
"visit-14-2","case-14","document-review","documents","reviewer","2026-09-21T17:15:36.000Z","2026-09-23T05:15:36.000Z","forward","ارجاع جهت بررسی مدارک"
"visit-14-3","case-14","prepayment","prepayment","finance","2026-09-23T05:15:36.000Z","2026-09-23T17:15:36.000Z","forward","تأیید مدارک"
"visit-14-4","case-14","financial-approve","prepayment","system","2026-09-23T17:15:36.000Z","2026-09-23T17:30:00.000Z","forward","تایید پیش پرداخت"
"visit-14-5","case-14","design","design","designer","2026-09-23T17:30:00.000Z","2026-09-25T05:30:00.000Z","forward","تأیید مالی"
"visit-14-6","case-14","design-review","design","reviewer","2026-09-25T05:30:00.000Z","2026-09-25T17:30:00.000Z","forward","طراحی انجام شد"
"visit-14-7","case-14","surgeon","design","surgeon","2026-09-25T17:30:00.000Z","2026-09-26T17:30:00.000Z","forward","تایید"
"visit-14-8","case-14","second-expert","design","expert","2026-09-26T17:30:00.000Z","2026-09-28T05:30:00.000Z","forward","تایید جراح"
"visit-14-9","case-14","settlement","settlement","finance","2026-09-28T05:30:00.000Z","2026-09-28T17:30:00.000Z","forward","تایید"
"visit-14-10","case-14","mould","mould","production","2026-09-28T17:30:00.000Z","2026-09-29T17:30:00.000Z","forward","تسویه انجام شد"
"visit-14-11","case-14","mould-review","mould","reviewer","2026-09-29T17:30:00.000Z","2026-10-01T05:30:00.000Z","forward","مولاژ تولید شد"
"visit-14-12","case-14","print","print","production","2026-10-01T05:30:00.000Z","2026-10-01T17:30:00.000Z","forward","تایید"
"visit-14-13","case-14","print-review","print","reviewer","2026-10-01T17:30:00.000Z","2026-10-02T17:30:00.000Z","forward","پروتز پرینت شد"
"visit-14-14","case-14","print-approval","print","expert","2026-10-02T17:30:00.000Z","2026-10-04T05:30:00.000Z","forward","ارجاع جهت بررسی"
"visit-14-15","case-14","print-review","print","reviewer","2026-10-04T05:30:00.000Z","","return","عدم تایید"
"visit-15-1","case-15","documents","documents","intake","2026-09-21T05:15:36.000Z","2026-09-22T17:15:36.000Z","start",""
"visit-15-2","case-15","document-review","documents","reviewer","2026-09-22T17:15:36.000Z","2026-09-23T05:15:36.000Z","forward","ارجاع جهت بررسی مدارک"
"visit-15-3","case-15","prepayment","prepayment","finance","2026-09-23T05:15:36.000Z","2026-09-24T05:15:36.000Z","forward","تأیید مدارک"
"visit-15-4","case-15","financial-approve","prepayment","system","2026-09-24T05:15:36.000Z","2026-09-24T05:30:00.000Z","forward","تایید پیش پرداخت"
"visit-15-5","case-15","design","design","designer","2026-09-24T05:30:00.000Z","2026-09-24T17:30:00.000Z","forward","تأیید مالی"
"visit-15-6","case-15","design-review","design","reviewer","2026-09-24T17:30:00.000Z","2026-09-25T17:30:00.000Z","forward","طراحی انجام شد"
"visit-15-7","case-15","surgeon","design","surgeon","2026-09-25T17:30:00.000Z","2026-09-27T05:30:00.000Z","forward","تایید"
"visit-15-8","case-15","second-expert","design","expert","2026-09-27T05:30:00.000Z","2026-09-27T17:30:00.000Z","forward","تایید جراح"
"visit-15-9","case-15","settlement","settlement","finance","2026-09-27T17:30:00.000Z","2026-09-28T17:30:00.000Z","forward","تایید"
"visit-15-10","case-15","mould","mould","production","2026-09-28T17:30:00.000Z","2026-09-30T05:30:00.000Z","forward","تسویه انجام شد"
"visit-15-11","case-15","mould-review","mould","reviewer","2026-09-30T05:30:00.000Z","2026-09-30T17:30:00.000Z","forward","مولاژ تولید شد"
"visit-15-12","case-15","print","print","production","2026-09-30T17:30:00.000Z","2026-10-01T17:30:00.000Z","forward","تایید"
"visit-15-13","case-15","print-review","print","reviewer","2026-10-01T17:30:00.000Z","2026-10-03T05:30:00.000Z","forward","پروتز پرینت شد"
"visit-15-14","case-15","print-approval","print","expert","2026-10-03T05:30:00.000Z","2026-10-03T17:30:00.000Z","forward","ارجاع جهت بررسی"
"visit-15-15","case-15","test1","test1","quality","2026-10-03T17:30:00.000Z","2026-10-04T17:30:00.000Z","forward","تایید"
"visit-15-16","case-15","test1-review","test1","reviewer","2026-10-04T17:30:00.000Z","2026-10-06T05:30:00.000Z","forward","تست یک انجام شد"
"visit-15-17","case-15","test1-approval","test1","expert","2026-10-06T05:30:00.000Z","","forward","تایید"
"visit-16-1","case-16","documents","documents","intake","2026-09-17T17:01:12.000Z","2026-09-18T05:01:12.000Z","start",""
"visit-16-2","case-16","document-review","documents","reviewer","2026-09-18T05:01:12.000Z","2026-09-19T05:01:12.000Z","forward","ارجاع جهت بررسی مدارک"
"visit-16-3","case-16","prepayment","prepayment","finance","2026-09-19T05:01:12.000Z","2026-09-20T17:01:12.000Z","forward","تأیید مدارک"
"visit-16-4","case-16","financial-approve","prepayment","system","2026-09-20T17:01:12.000Z","2026-09-20T17:15:36.000Z","forward","تایید پیش پرداخت"
"visit-16-5","case-16","design","design","designer","2026-09-20T17:15:36.000Z","2026-09-21T17:15:36.000Z","forward","تأیید مالی"
"visit-16-6","case-16","design-review","design","reviewer","2026-09-21T17:15:36.000Z","2026-09-23T05:15:36.000Z","forward","طراحی انجام شد"
"visit-16-7","case-16","surgeon","design","surgeon","2026-09-23T05:15:36.000Z","2026-09-23T17:15:36.000Z","forward","تایید"
"visit-16-8","case-16","second-expert","design","expert","2026-09-23T17:15:36.000Z","2026-09-24T17:15:36.000Z","forward","تایید جراح"
"visit-16-9","case-16","settlement","settlement","finance","2026-09-24T17:15:36.000Z","2026-09-26T05:15:36.000Z","forward","تایید"
"visit-16-10","case-16","mould","mould","production","2026-09-26T05:15:36.000Z","2026-09-26T17:15:36.000Z","forward","تسویه انجام شد"
"visit-16-11","case-16","mould-review","mould","reviewer","2026-09-26T17:15:36.000Z","2026-09-27T17:15:36.000Z","forward","مولاژ تولید شد"
"visit-16-12","case-16","print","print","production","2026-09-27T17:15:36.000Z","2026-09-29T05:15:36.000Z","forward","تایید"
"visit-16-13","case-16","print-review","print","reviewer","2026-09-29T05:15:36.000Z","2026-09-29T17:15:36.000Z","forward","پروتز پرینت شد"
"visit-16-14","case-16","print-approval","print","expert","2026-09-29T17:15:36.000Z","2026-09-30T17:15:36.000Z","forward","ارجاع جهت بررسی"
"visit-16-15","case-16","test1","test1","quality","2026-09-30T17:15:36.000Z","2026-10-02T05:15:36.000Z","forward","تایید"
"visit-16-16","case-16","test1-review","test1","reviewer","2026-10-02T05:15:36.000Z","2026-10-02T17:15:36.000Z","forward","تست یک انجام شد"
"visit-16-17","case-16","test1-approval","test1","expert","2026-10-02T17:15:36.000Z","2026-10-03T17:15:36.000Z","forward","تایید"
"visit-16-18","case-16","test2-decision","test1","system","2026-10-03T17:15:36.000Z","2026-10-03T17:30:00.000Z","forward","تایید"
"visit-16-19","case-16","test2","test2","quality","2026-10-03T17:30:00.000Z","2026-10-04T05:30:00.000Z","conditional","بله؛ نیاز به تست دوم"
"visit-16-20","case-16","test2-review","test2","reviewer","2026-10-04T05:30:00.000Z","","forward","تست دو انجام شد"
"visit-17-1","case-17","documents","documents","intake","2026-09-19T17:01:12.000Z","2026-09-20T17:01:12.000Z","start",""
"visit-17-2","case-17","document-review","documents","reviewer","2026-09-20T17:01:12.000Z","2026-09-22T05:01:12.000Z","forward","ارجاع جهت بررسی مدارک"
"visit-17-3","case-17","prepayment","prepayment","finance","2026-09-22T05:01:12.000Z","2026-09-22T17:01:12.000Z","forward","تأیید مدارک"
"visit-17-4","case-17","financial-approve","prepayment","system","2026-09-22T17:01:12.000Z","2026-09-22T17:15:36.000Z","forward","تایید پیش پرداخت"
"visit-17-5","case-17","design","design","designer","2026-09-22T17:15:36.000Z","2026-09-24T05:15:36.000Z","forward","تأیید مالی"
"visit-17-6","case-17","design-review","design","reviewer","2026-09-24T05:15:36.000Z","2026-09-24T17:15:36.000Z","forward","طراحی انجام شد"
"visit-17-7","case-17","surgeon","design","surgeon","2026-09-24T17:15:36.000Z","2026-09-25T17:15:36.000Z","forward","تایید"
"visit-17-8","case-17","second-expert","design","expert","2026-09-25T17:15:36.000Z","2026-09-27T05:15:36.000Z","forward","تایید جراح"
"visit-17-9","case-17","settlement","settlement","finance","2026-09-27T05:15:36.000Z","2026-09-27T17:15:36.000Z","forward","تایید"
"visit-17-10","case-17","mould","mould","production","2026-09-27T17:15:36.000Z","2026-09-28T17:15:36.000Z","forward","تسویه انجام شد"
"visit-17-11","case-17","mould-review","mould","reviewer","2026-09-28T17:15:36.000Z","2026-09-30T05:15:36.000Z","forward","مولاژ تولید شد"
"visit-17-12","case-17","print","print","production","2026-09-30T05:15:36.000Z","2026-09-30T17:15:36.000Z","forward","تایید"
"visit-17-13","case-17","print-review","print","reviewer","2026-09-30T17:15:36.000Z","2026-10-01T17:15:36.000Z","forward","پروتز پرینت شد"
"visit-17-14","case-17","print-approval","print","expert","2026-10-01T17:15:36.000Z","2026-10-03T05:15:36.000Z","forward","ارجاع جهت بررسی"
"visit-17-15","case-17","test1","test1","quality","2026-10-03T05:15:36.000Z","2026-10-03T17:15:36.000Z","forward","تایید"
"visit-17-16","case-17","test1-review","test1","reviewer","2026-10-03T17:15:36.000Z","2026-10-04T17:15:36.000Z","forward","تست یک انجام شد"
"visit-17-17","case-17","test1-approval","test1","expert","2026-10-04T17:15:36.000Z","2026-10-06T05:15:36.000Z","forward","تایید"
"visit-17-18","case-17","test2-decision","test1","system","2026-10-06T05:15:36.000Z","2026-10-06T05:30:00.000Z","forward","تایید"
"visit-17-19","case-17","photo","photo","delivery","2026-10-06T05:30:00.000Z","","conditional","نیاز به تست دوم ندارد"
"visit-18-1","case-18","documents","documents","intake","2026-09-16T17:01:12.000Z","2026-09-18T05:01:12.000Z","start",""
"visit-18-2","case-18","document-review","documents","reviewer","2026-09-18T05:01:12.000Z","2026-09-18T17:01:12.000Z","forward","ارجاع جهت بررسی مدارک"
"visit-18-3","case-18","prepayment","prepayment","finance","2026-09-18T17:01:12.000Z","2026-09-19T17:01:12.000Z","forward","تأیید مدارک"
"visit-18-4","case-18","financial-approve","prepayment","system","2026-09-19T17:01:12.000Z","2026-09-19T17:15:36.000Z","forward","تایید پیش پرداخت"
"visit-18-5","case-18","design","design","designer","2026-09-19T17:15:36.000Z","2026-09-20T05:15:36.000Z","forward","تأیید مالی"
"visit-18-6","case-18","design-review","design","reviewer","2026-09-20T05:15:36.000Z","2026-09-21T05:15:36.000Z","forward","طراحی انجام شد"
"visit-18-7","case-18","surgeon","design","surgeon","2026-09-21T05:15:36.000Z","2026-09-22T17:15:36.000Z","forward","تایید"
"visit-18-8","case-18","second-expert","design","expert","2026-09-22T17:15:36.000Z","2026-09-23T05:15:36.000Z","forward","تایید جراح"
"visit-18-9","case-18","settlement","settlement","finance","2026-09-23T05:15:36.000Z","2026-09-24T05:15:36.000Z","forward","تایید"
"visit-18-10","case-18","mould","mould","production","2026-09-24T05:15:36.000Z","2026-09-25T17:15:36.000Z","forward","تسویه انجام شد"
"visit-18-11","case-18","mould-review","mould","reviewer","2026-09-25T17:15:36.000Z","2026-09-26T05:15:36.000Z","forward","مولاژ تولید شد"
"visit-18-12","case-18","print","print","production","2026-09-26T05:15:36.000Z","2026-09-27T05:15:36.000Z","forward","تایید"
"visit-18-13","case-18","print-review","print","reviewer","2026-09-27T05:15:36.000Z","2026-09-28T17:15:36.000Z","forward","پروتز پرینت شد"
"visit-18-14","case-18","print-approval","print","expert","2026-09-28T17:15:36.000Z","2026-09-29T05:15:36.000Z","forward","ارجاع جهت بررسی"
"visit-18-15","case-18","test1","test1","quality","2026-09-29T05:15:36.000Z","2026-09-30T05:15:36.000Z","forward","تایید"
"visit-18-16","case-18","test1-review","test1","reviewer","2026-09-30T05:15:36.000Z","2026-10-01T17:15:36.000Z","forward","تست یک انجام شد"
"visit-18-17","case-18","test1-approval","test1","expert","2026-10-01T17:15:36.000Z","2026-10-02T05:15:36.000Z","forward","تایید"
"visit-18-18","case-18","test2-decision","test1","system","2026-10-02T05:15:36.000Z","2026-10-02T05:30:00.000Z","forward","تایید"
"visit-18-19","case-18","test2","test2","quality","2026-10-02T05:30:00.000Z","2026-10-03T17:30:00.000Z","conditional","بله؛ نیاز به تست دوم"
"visit-18-20","case-18","test2-review","test2","reviewer","2026-10-03T17:30:00.000Z","2026-10-04T05:30:00.000Z","forward","تست دو انجام شد"
"visit-18-21","case-18","test2-approval","test2","expert","2026-10-04T05:30:00.000Z","2026-10-05T05:30:00.000Z","forward","تایید"
"visit-18-22","case-18","photo","photo","delivery","2026-10-05T05:30:00.000Z","2026-10-06T17:30:00.000Z","forward","تایید"
"visit-18-23","case-18","wash","wash","delivery","2026-10-06T17:30:00.000Z","","forward","عکاسی انجام شد"
"visit-19-1","case-19","documents","documents","intake","2026-09-18T17:01:12.000Z","2026-09-19T05:01:12.000Z","start",""
"visit-19-2","case-19","document-review","documents","reviewer","2026-09-19T05:01:12.000Z","2026-09-20T05:01:12.000Z","forward","ارجاع جهت بررسی مدارک"
"visit-19-3","case-19","prepayment","prepayment","finance","2026-09-20T05:01:12.000Z","2026-09-21T17:01:12.000Z","forward","تأیید مدارک"
"visit-19-4","case-19","financial-approve","prepayment","system","2026-09-21T17:01:12.000Z","2026-09-21T17:15:36.000Z","forward","تایید پیش پرداخت"
"visit-19-5","case-19","design","design","designer","2026-09-21T17:15:36.000Z","2026-09-22T17:15:36.000Z","forward","تأیید مالی"
"visit-19-6","case-19","design-review","design","reviewer","2026-09-22T17:15:36.000Z","2026-09-24T05:15:36.000Z","forward","طراحی انجام شد"
"visit-19-7","case-19","surgeon","design","surgeon","2026-09-24T05:15:36.000Z","2026-09-24T17:15:36.000Z","forward","تایید"
"visit-19-8","case-19","second-expert","design","expert","2026-09-24T17:15:36.000Z","2026-09-25T17:15:36.000Z","forward","تایید جراح"
"visit-19-9","case-19","settlement","settlement","finance","2026-09-25T17:15:36.000Z","2026-09-27T05:15:36.000Z","forward","تایید"
"visit-19-10","case-19","mould","mould","production","2026-09-27T05:15:36.000Z","2026-09-27T17:15:36.000Z","forward","تسویه انجام شد"
"visit-19-11","case-19","mould-review","mould","reviewer","2026-09-27T17:15:36.000Z","2026-09-28T17:15:36.000Z","forward","مولاژ تولید شد"
"visit-19-12","case-19","print","print","production","2026-09-28T17:15:36.000Z","2026-09-30T05:15:36.000Z","forward","تایید"
"visit-19-13","case-19","print-review","print","reviewer","2026-09-30T05:15:36.000Z","2026-09-30T17:15:36.000Z","forward","پروتز پرینت شد"
"visit-19-14","case-19","print-approval","print","expert","2026-09-30T17:15:36.000Z","2026-10-01T17:15:36.000Z","forward","ارجاع جهت بررسی"
"visit-19-15","case-19","test1","test1","quality","2026-10-01T17:15:36.000Z","2026-10-03T05:15:36.000Z","forward","تایید"
"visit-19-16","case-19","test1-review","test1","reviewer","2026-10-03T05:15:36.000Z","2026-10-03T17:15:36.000Z","forward","تست یک انجام شد"
"visit-19-17","case-19","test1-approval","test1","expert","2026-10-03T17:15:36.000Z","2026-10-04T17:15:36.000Z","forward","تایید"
"visit-19-18","case-19","test2-decision","test1","system","2026-10-04T17:15:36.000Z","2026-10-04T17:30:00.000Z","forward","تایید"
"visit-19-19","case-19","photo","photo","delivery","2026-10-04T17:30:00.000Z","2026-10-05T05:30:00.000Z","conditional","نیاز به تست دوم ندارد"
"visit-19-20","case-19","wash","wash","delivery","2026-10-05T05:30:00.000Z","2026-10-06T05:30:00.000Z","forward","عکاسی انجام شد"
"visit-19-21","case-19","delivery","delivery","delivery","2026-10-06T05:30:00.000Z","","forward","انجام شد"
"visit-20-1","case-20","documents","documents","intake","2026-09-12T16:46:48.000Z","2026-09-13T16:46:48.000Z","start",""
"visit-20-2","case-20","document-review","documents","reviewer","2026-09-13T16:46:48.000Z","2026-09-15T04:46:48.000Z","forward","ارجاع جهت بررسی مدارک"
"visit-20-3","case-20","prepayment","prepayment","finance","2026-09-15T04:46:48.000Z","2026-09-15T16:46:48.000Z","forward","تأیید مدارک"
"visit-20-4","case-20","financial-approve","prepayment","system","2026-09-15T16:46:48.000Z","2026-09-15T17:01:12.000Z","forward","تایید پیش پرداخت"
"visit-20-5","case-20","design","design","designer","2026-09-15T17:01:12.000Z","2026-09-17T05:01:12.000Z","forward","تأیید مالی"
"visit-20-6","case-20","design-review","design","reviewer","2026-09-17T05:01:12.000Z","2026-09-17T17:01:12.000Z","forward","طراحی انجام شد"
"visit-20-7","case-20","surgeon","design","surgeon","2026-09-17T17:01:12.000Z","2026-09-18T17:01:12.000Z","forward","تایید"
"visit-20-8","case-20","second-expert","design","expert","2026-09-18T17:01:12.000Z","2026-09-20T05:01:12.000Z","forward","تایید جراح"
"visit-20-9","case-20","settlement","settlement","finance","2026-09-20T05:01:12.000Z","2026-09-20T17:01:12.000Z","forward","تایید"
"visit-20-10","case-20","mould","mould","production","2026-09-20T17:01:12.000Z","2026-09-21T17:01:12.000Z","forward","تسویه انجام شد"
"visit-20-11","case-20","mould-review","mould","reviewer","2026-09-21T17:01:12.000Z","2026-09-23T05:01:12.000Z","forward","مولاژ تولید شد"
"visit-20-12","case-20","print","print","production","2026-09-23T05:01:12.000Z","2026-09-23T17:01:12.000Z","forward","تایید"
"visit-20-13","case-20","print-review","print","reviewer","2026-09-23T17:01:12.000Z","2026-09-24T17:01:12.000Z","forward","پروتز پرینت شد"
"visit-20-14","case-20","print-approval","print","expert","2026-09-24T17:01:12.000Z","2026-09-26T05:01:12.000Z","forward","ارجاع جهت بررسی"
"visit-20-15","case-20","test1","test1","quality","2026-09-26T05:01:12.000Z","2026-09-26T17:01:12.000Z","forward","تایید"
"visit-20-16","case-20","test1-review","test1","reviewer","2026-09-26T17:01:12.000Z","2026-09-27T17:01:12.000Z","forward","تست یک انجام شد"
"visit-20-17","case-20","test1-approval","test1","expert","2026-09-27T17:01:12.000Z","2026-09-29T05:01:12.000Z","forward","تایید"
"visit-20-18","case-20","test2-decision","test1","system","2026-09-29T05:01:12.000Z","2026-09-29T05:15:36.000Z","forward","تایید"
"visit-20-19","case-20","test2","test2","quality","2026-09-29T05:15:36.000Z","2026-09-30T05:15:36.000Z","conditional","بله؛ نیاز به تست دوم"
"visit-20-20","case-20","test2-review","test2","reviewer","2026-09-30T05:15:36.000Z","2026-10-01T17:15:36.000Z","forward","تست دو انجام شد"
"visit-20-21","case-20","test2-approval","test2","expert","2026-10-01T17:15:36.000Z","2026-10-02T05:15:36.000Z","forward","تایید"
"visit-20-22","case-20","photo","photo","delivery","2026-10-02T05:15:36.000Z","2026-10-03T05:15:36.000Z","forward","تایید"
"visit-20-23","case-20","wash","wash","delivery","2026-10-03T05:15:36.000Z","2026-10-04T17:15:36.000Z","forward","عکاسی انجام شد"
"visit-20-24","case-20","delivery","delivery","delivery","2026-10-04T17:15:36.000Z","2026-10-05T05:15:36.000Z","forward","انجام شد"
"visit-20-25","case-20","won","won","system","2026-10-05T05:15:36.000Z","2026-10-05T05:30:00.000Z","forward","تحویل داده شد/پایان"
"visit-20-26","case-20","final","won","system","2026-10-05T05:30:00.000Z","2026-10-05T05:44:24.000Z","forward","پایان"
"visit-21-1","case-21","documents","documents","intake","2026-09-15T16:46:48.000Z","2026-09-17T04:46:48.000Z","start",""
"visit-21-2","case-21","document-review","documents","reviewer","2026-09-17T04:46:48.000Z","2026-09-17T16:46:48.000Z","forward","ارجاع جهت بررسی مدارک"
"visit-21-3","case-21","prepayment","prepayment","finance","2026-09-17T16:46:48.000Z","2026-09-18T16:46:48.000Z","forward","تأیید مدارک"
"visit-21-4","case-21","financial-approve","prepayment","system","2026-09-18T16:46:48.000Z","2026-09-18T17:01:12.000Z","forward","تایید پیش پرداخت"
"visit-21-5","case-21","design","design","designer","2026-09-18T17:01:12.000Z","2026-09-19T05:01:12.000Z","forward","تأیید مالی"
"visit-21-6","case-21","design-review","design","reviewer","2026-09-19T05:01:12.000Z","2026-09-20T05:01:12.000Z","forward","طراحی انجام شد"
"visit-21-7","case-21","surgeon","design","surgeon","2026-09-20T05:01:12.000Z","2026-09-21T17:01:12.000Z","forward","تایید"
"visit-21-8","case-21","second-expert","design","expert","2026-09-21T17:01:12.000Z","2026-09-22T05:01:12.000Z","forward","تایید جراح"
"visit-21-9","case-21","settlement","settlement","finance","2026-09-22T05:01:12.000Z","2026-09-23T05:01:12.000Z","forward","تایید"
"visit-21-10","case-21","mould","mould","production","2026-09-23T05:01:12.000Z","2026-09-24T17:01:12.000Z","forward","تسویه انجام شد"
"visit-21-11","case-21","mould-review","mould","reviewer","2026-09-24T17:01:12.000Z","2026-09-25T05:01:12.000Z","forward","مولاژ تولید شد"
"visit-21-12","case-21","print","print","production","2026-09-25T05:01:12.000Z","2026-09-26T05:01:12.000Z","forward","تایید"
"visit-21-13","case-21","print-review","print","reviewer","2026-09-26T05:01:12.000Z","2026-09-27T17:01:12.000Z","forward","پروتز پرینت شد"
"visit-21-14","case-21","print-approval","print","expert","2026-09-27T17:01:12.000Z","2026-09-28T05:01:12.000Z","forward","ارجاع جهت بررسی"
"visit-21-15","case-21","test1","test1","quality","2026-09-28T05:01:12.000Z","2026-09-29T05:01:12.000Z","forward","تایید"
"visit-21-16","case-21","test1-review","test1","reviewer","2026-09-29T05:01:12.000Z","2026-09-30T17:01:12.000Z","forward","تست یک انجام شد"
"visit-21-17","case-21","test1-approval","test1","expert","2026-09-30T17:01:12.000Z","2026-10-01T05:01:12.000Z","forward","تایید"
"visit-21-18","case-21","test2-decision","test1","system","2026-10-01T05:01:12.000Z","2026-10-01T05:15:36.000Z","forward","تایید"
"visit-21-19","case-21","photo","photo","delivery","2026-10-01T05:15:36.000Z","2026-10-02T17:15:36.000Z","conditional","نیاز به تست دوم ندارد"
"visit-21-20","case-21","wash","wash","delivery","2026-10-02T17:15:36.000Z","2026-10-03T05:15:36.000Z","forward","عکاسی انجام شد"
"visit-21-21","case-21","delivery","delivery","delivery","2026-10-03T05:15:36.000Z","2026-10-04T05:15:36.000Z","forward","انجام شد"
"visit-21-22","case-21","won","won","system","2026-10-04T05:15:36.000Z","2026-10-04T05:30:00.000Z","forward","تحویل داده شد/پایان"
"visit-21-23","case-21","final","won","system","2026-10-04T05:30:00.000Z","2026-10-04T05:44:24.000Z","forward","پایان"
"visit-22-1","case-22","documents","documents","intake","2026-09-24T16:46:48.000Z","2026-09-25T04:46:48.000Z","start",""
"visit-22-2","case-22","document-review","documents","reviewer","2026-09-25T04:46:48.000Z","2026-09-26T04:46:48.000Z","forward","ارجاع جهت بررسی مدارک"
"visit-22-3","case-22","prepayment","prepayment","finance","2026-09-26T04:46:48.000Z","2026-09-27T16:46:48.000Z","forward","تأیید مدارک"
"visit-22-4","case-22","financial-approve","prepayment","system","2026-09-27T16:46:48.000Z","2026-09-27T17:01:12.000Z","forward","تایید پیش پرداخت"
"visit-22-5","case-22","design","design","designer","2026-09-27T17:01:12.000Z","2026-09-28T17:01:12.000Z","forward","تأیید مالی"
"visit-22-6","case-22","design-review","design","reviewer","2026-09-28T17:01:12.000Z","2026-09-30T05:01:12.000Z","forward","طراحی انجام شد"
"visit-22-7","case-22","surgeon","design","surgeon","2026-09-30T05:01:12.000Z","2026-09-30T17:01:12.000Z","forward","تایید"
"visit-22-8","case-22","second-expert","design","expert","2026-09-30T17:01:12.000Z","2026-10-01T17:01:12.000Z","forward","تایید جراح"
"visit-22-9","case-22","settlement","settlement","finance","2026-10-01T17:01:12.000Z","2026-10-03T05:01:12.000Z","forward","تایید"
"visit-22-10","case-22","financial-reject","settlement","system","2026-10-03T05:01:12.000Z","2026-10-03T05:15:36.000Z","cancel","کنسلی درخواست/پایان"
"visit-22-11","case-22","lost","lost","system","2026-10-03T05:15:36.000Z","2026-10-03T05:30:00.000Z","forward","رد مالی"
"visit-22-12","case-22","final","lost","system","2026-10-03T05:30:00.000Z","2026-10-03T05:44:24.000Z","forward","پایان"
