"CaseId","CaseLabel","CurrentPhaseId","CurrentNodeId","CurrentOwnerId","PreviousOwnerId","ServiceId","ClientId","CreatedAtUtc","CurrentEnteredAtUtc","Outcome","NeedsSecondTest","CompletedTest2","HistoryComplete","SampleTargetDays","PrepaymentWaitDays","SettlementWaitDays","ReturnCount"
"case-01","کیس آزمایشی 1","documents","documents","intake","","implant","0","2026-10-06T23:30:00.000Z","2026-10-06T23:30:00.000Z","active","","false","true","2","0","0","0"
"case-02","کیس آزمایشی 2","documents","documents","intake","reviewer","guide","1","2026-10-01T17:30:00.000Z","2026-10-04T05:30:00.000Z","active","","false","true","2","0","0","1"
"case-03","کیس آزمایشی 3","documents","document-review","reviewer","intake","ortho","2","2026-10-04T17:30:00.000Z","2026-10-06T05:30:00.000Z","active","","false","true","2","0","0","0"
"case-04","کیس آزمایشی 4","prepayment","prepayment","finance","reviewer","cosmetic","3","2026-10-01T17:30:00.000Z","2026-10-03T05:30:00.000Z","active","","false","true","3","0","0","0"
"case-05","کیس آزمایشی 5","prepayment","prepayment-wait","finance","finance","implant","4","2026-10-02T05:30:00.000Z","2026-10-05T05:30:00.000Z","active","","false","true","","2","0","0"
"case-06","کیس آزمایشی 6","design","design","designer","system","guide","5","2026-09-29T17:01:12.000Z","2026-10-05T05:30:00.000Z","active","","false","true","5","1.5","0","0"
"case-07","کیس آزمایشی 7","design","design","designer","surgeon","ortho","6","2026-09-25T05:15:36.000Z","2026-10-01T05:30:00.000Z","active","","false","true","5","0","0","1"
"case-08","کیس آزمایشی 8","design","design-review","reviewer","designer","cosmetic","7","2026-10-01T17:15:36.000Z","2026-10-06T05:30:00.000Z","active","","false","true","2","0","0","0"
"case-09","کیس آزمایشی 9","design","surgeon","surgeon","reviewer","implant","0","2026-09-30T17:15:36.000Z","2026-10-05T05:30:00.000Z","active","","false","true","3","0","0","0"
"case-10","کیس آزمایشی 10","design","second-expert","expert","surgeon","guide","1","2026-09-30T05:15:36.000Z","2026-10-06T05:30:00.000Z","active","","false","true","2","0","0","0"
"case-11","کیس آزمایشی 11","settlement","settlement","finance","expert","ortho","2","2026-09-25T17:15:36.000Z","2026-10-03T05:30:00.000Z","active","","false","true","3","0","0","0"
"case-12","کیس آزمایشی 12","settlement","settlement-wait","finance","finance","cosmetic","3","2026-09-24T17:15:36.000Z","2026-10-02T05:30:00.000Z","active","","false","true","","0","5","0"
"case-13","کیس آزمایشی 13","mould","mould","production","reviewer","implant","4","2026-09-25T05:15:36.000Z","2026-10-05T05:30:00.000Z","active","","false","true","3","0","0","1"
"case-14","کیس آزمایشی 14","print","print-review","reviewer","expert","guide","5","2026-09-20T17:15:36.000Z","2026-10-04T05:30:00.000Z","active","","false","true","2","0","0","1"
"case-15","کیس آزمایشی 15","test1","test1-approval","expert","reviewer","ortho","6","2026-09-21T05:15:36.000Z","2026-10-06T05:30:00.000Z","active","","false","true","2","0","0","0"
"case-16","کیس آزمایشی 16","test2","test2-review","reviewer","quality","cosmetic","7","2026-09-17T17:01:12.000Z","2026-10-04T05:30:00.000Z","active","true","false","true","2","0","0","0"
"case-17","کیس آزمایشی 17","photo","photo","delivery","system","implant","0","2026-09-19T17:01:12.000Z","2026-10-06T05:30:00.000Z","active","false","false","true","2","0","0","0"
"case-18","کیس آزمایشی 18","wash","wash","delivery","delivery","guide","1","2026-09-16T17:01:12.000Z","2026-10-06T17:30:00.000Z","active","true","true","true","2","0","0","0"
"case-19","کیس آزمایشی 19","delivery","delivery","delivery","delivery","ortho","2","2026-09-18T17:01:12.000Z","2026-10-06T05:30:00.000Z","active","false","false","true","2","0","0","0"
"case-20","کیس آزمایشی 20","won","final","system","system","cosmetic","3","2026-09-12T16:46:48.000Z","2026-10-05T05:30:00.000Z","won","true","true","true","","0","0","0"
"case-21","کیس آزمایشی 21","won","final","system","system","implant","4","2026-09-15T16:46:48.000Z","2026-10-04T05:30:00.000Z","won","false","false","true","","0","0","0"
"case-22","کیس آزمایشی 22","lost","final","system","system","guide","5","2026-09-24T16:46:48.000Z","2026-10-03T05:30:00.000Z","lost","","false","true","","0","0","0"
